"","mun","tipoesc","nomesc","endesc","numesc","complend","baiesc","ddd","fone1","fone2","email","alem","alejaem","alteleem","nomeFormat","cidNome","cep","endComp"
"1","Campinas","08","luiz galhardo professor","rua padre bento dias pacheco","62",NA,"jardim cura d'ars","019","32231726",NA,"e045664a@educacao.sp.gov.br"," 264"," 78","0","Professor Luiz Galhardo","Campinas - Professor Luiz Galhardo","13045-530","rua padre bento dias pacheco, 62, NA, Campinas"
"2","Campinas","08","lais bertoni pereira professora","avenida maria julieta godoi cartezani","132",NA,"vila palacios","019","32233086","32230358","e018491a@educacao.sp.gov.br"," 253","  0","0","Professora Lais Bertoni Pereira","Campinas - Professora Lais Bertoni Pereira","13060-660","avenida maria julieta godoi cartezani, 132, NA, Campinas"
"3","Campinas","08","julio mesquita","rua daniel cesario de andrade","190",NA,"jardim oliveiras","019","32763720","32769904","e018594a@educacao.sp.gov.br"," 354","  0","0","Julio Mesquita","Campinas - Julio Mesquita","13044-035","rua daniel cesario de andrade, 190, NA, Campinas"
"4","Campinas","08","pedro salvetti netto professor","rua padre eustaquio","sn",NA,"jardim capivari","019","32231393",NA,"e045664a@educacao.sp.gov.br"," 412","  0","0","Professor Pedro Salvetti Netto","Campinas - Professor Pedro Salvetti Netto","13050-802","rua padre eustaquio, sn, NA, Campinas"
"5","Campinas","08","jardim marisa","rua tte antonio sebastiao thomaz","sn",NA,"jardim marisa","019","32656247","32656253","e561411a@educacao.sp.gov.br"," 399","  0","0","Jardim Marisa","Campinas - Jardim Marisa","13053-206","rua tte antonio sebastiao thomaz, sn, NA, Campinas"
"6","Campinas","08","francisco ribeiro sampaio professor","rua fernando vaqueiro ferreira","415",NA,"jardim nossa senhora de lourdes","019","32271946",NA,"e018508a@educacao.sp.gov.br"," 130","  0","0","Professor Francisco Ribeiro Sampaio","Campinas - Professor Francisco Ribeiro Sampaio","13051-564","rua fernando vaqueiro ferreira, 415, NA, Campinas"
"7","Valinhos","08","maria neiva abdelmassih justo professoraa","rua primo zanella","121",NA,"jardim america ii","019","38717240","38715179","profmarianeiva@hiway.com.br"," 190","  0","0","Maria Neiva Abdelmassih Justo Professoraa","Valinhos - Maria Neiva Abdelmassih Justo Professoraa","13272-504","rua primo zanella, 121, NA, Valinhos"
"8","Vinhedo","08","patriarca da independencia","rua rui barbosa","55",NA,"vila planalto","019","38766790","38362821","e018417a@educacao.sp.gov.br"," 461","  0","0","Patriarca Da Independencia","Vinhedo - Patriarca Da Independencia","13280-000","rua rui barbosa, 55, NA, Vinhedo"
"9","Campinas","08","procopio ferreira","rua synira de arruda valente","1342",NA,"jardim dos oliveiras","019","32763911","32762285","e040859a@educacao.sp.gov.br"," 109","  0","0","Procopio Ferreira","Campinas - Procopio Ferreira","13044-260","rua synira de arruda valente, 1342, NA, Campinas"
"10","Campinas","08","eduardo barnabe deputado","rua adilio de oliveira goncalves","sn",NA,"dic i (conjunto habitacional monsenhor luiz fernando abreu)","019","32667708","32669566","e047156a@educacao.sp.gov.br"," 389","121","0","Deputado Eduardo Barnabe","Campinas - Deputado Eduardo Barnabe","13056-342","rua adilio de oliveira goncalves, sn, NA, Campinas"
"11","Campinas","08","antonio carlos lehman","rua anibal bellini","72",NA,"conjunto residencial sao bento","019","32217209",NA,"e432842a@educacao.sp.gov.br"," 318"," 77","0","Antonio Carlos Lehman","Campinas - Antonio Carlos Lehman","13058-440","rua anibal bellini, 72, NA, Campinas"
"12","Campinas","08","newton oppermann doutor","rua heloisa prato galbiatti","500",NA,"jardim florence","019","32611494",NA,"e901131a@educacao.sp.gov.br"," 279","  0","0","Doutor Newton Oppermann","Campinas - Doutor Newton Oppermann","13059-032","rua heloisa prato galbiatti, 500, NA, Campinas"
"13","Campinas","08","therezina da fonseca pares professora","rua bertholdo fernandes de castro","260",NA,"jardim das bandeiras","019","32271772","32270393","e905461a@educacao.sp.gov.br"," 389"," 66","0","Professora Therezina Da Fonseca Pares","Campinas - Professora Therezina Da Fonseca Pares","13051-114","rua bertholdo fernandes de castro, 260, NA, Campinas"
"14","Campinas","08","maria de lourdes campos freire marques professora","avenida andre tosello","65",NA,"jardim paraiso de viracopos","019","32257494","32650090","e907406a@educacao.sp.gov.br"," 329","  0","0","Professora Maria De Lourdes Campos Freire Marques","Campinas - Professora Maria De Lourdes Campos Freire Marques","13052-220","avenida andre tosello, 65, NA, Campinas"
"15","Campinas","08","paulo luiz decourt professor","rua vicente celestino","sn",NA,"jardim antonio von zuben","019","32762573","32762581","e913923a@educacao.sp.gov.br"," 119","  0","0","Professor Paulo Luiz Decourt","Campinas - Professor Paulo Luiz Decourt","13044-640","rua vicente celestino, sn, NA, Campinas"
"16","Campinas","08","antonio da costa santos prefeito","rua guerino donega","40",NA,"jardim planalto de viracopos","019","32259944",NA,"e922985a@educacao.sp.gov.br"," 655","  0","0","Prefeito Antonio Da Costa Santos","Campinas - Prefeito Antonio Da Costa Santos","13056-017","rua guerino donega, 40, NA, Campinas"
"17","Campinas","08","miguel vicente cury","rua sao cirilo","354",NA,"conjunto habitacional padre anchieta","019","32811361","32815703","e045718a@educacao.sp.gov.br"," 738"," 93","0","Miguel Vicente Cury","Campinas - Miguel Vicente Cury","13068-413","rua sao cirilo, 354, NA, Campinas"
"18","Nova Odessa","08","joaquim rodrigues azenha dr","avenida paschoal piconi","399",NA,"jardim sao manoel","019","34661040","34663015","e905574a@educacao.sp.gov.br"," 359","  0","0","Dr Joaquim Rodrigues Azenha","Nova Odessa - Dr Joaquim Rodrigues Azenha","13460-000","avenida paschoal piconi, 399, NA, Nova Odessa"
"19","Campinas","08","newton pimenta neves professor","av suacuna","16",NA,"vila aeroporto","019","32667793",NA,"e046176a@educacao.sp.gov.br"," 701","  0","0","Professor Newton Pimenta Neves","Campinas - Professor Newton Pimenta Neves","13054-105","av suacuna, 16, NA, Campinas"
"20","Campinas","08","veneranda martins siqueira dona","rua girlane simoes","sn",NA,"jardim mercedes","019","32271350",NA,"e902559a@educacao.sp.gov.br"," 445","  0","0","Dona Veneranda Martins Siqueira","Campinas - Dona Veneranda Martins Siqueira","13056-663","rua girlane simoes, sn, NA, Campinas"
"21","Campinas","08","hugo penteado teixeira","rua doutor mauricio lourencao seber","90",NA,"conjunto habitacional parque itajai","019","32611258",NA,"e915592a@educacao.sp.gov.br"," 248","  0","0","Hugo Penteado Teixeira","Campinas - Hugo Penteado Teixeira","13058-091","rua doutor mauricio lourencao seber, 90, NA, Campinas"
"22","Campinas","08","gloria aparecida rosa viana professora","rua doutor julio wilfredo castro peres","sn",NA,"cidade satelite iris","019","32278979",NA,"e924933a@educacao.sp.gov.br"," 289","  0","0","Professora Gloria Aparecida Rosa Viana","Campinas - Professora Gloria Aparecida Rosa Viana","13059-642","rua doutor julio wilfredo castro peres, sn, NA, Campinas"
"23","Campinas","08","residencial sao jose","rua lucia craveiro bressan","sn",NA,"reisdencial sao jose","019","32669775",NA,"e924945a@educacao.sp.gov.br"," 526","  0","0","Residencial Sao Jose","Campinas - Residencial Sao Jose","13057-162","rua lucia craveiro bressan, sn, NA, Campinas"
"24","Campinas","34","centro atend socio-educ adolescente int jequitiba - ui","r jose perina","30",NA,"jardim sao vicente","019","32763737",NA,"e559912a@educacao.sp.gov.br","  14","  0","0","Centro Atend Socio-educ Adolescente Int Jequitiba - Ui","Campinas - Centro Atend Socio-educ Adolescente Int Jequitiba - Ui","13045-185","r jose perina, 30, NA, Campinas"
"25","Valinhos","08","americo belluomini professor","rua professora alice nonato","sn",NA,"vila progresso","019","38715899","38712984","e018132a@educacao.sp.gov.br"," 365","  0","0","Professor Americo Belluomini","Valinhos - Professor Americo Belluomini","13277-060","rua professora alice nonato, sn, NA, Valinhos"
"26","Valinhos","08","cyro de barros rezende professor","rua carlos gomes","280",NA,"vila sao sebastiao","019","38714244","38716743","e018168a@educacao.sp.gov.br"," 500","137","0","Professor Cyro De Barros Rezende","Valinhos - Professor Cyro De Barros Rezende","13271-050","rua carlos gomes, 280, NA, Valinhos"
"27","Hortolandia","08","guido rosolen","r guido rosolem","201",NA,"jardim rosolem","019","38871546","38875777","e017255a@educacao.sp.gov.br"," 364","109","0","Guido Rosolen","Hortolandia - Guido Rosolen","13185-320","r guido rosolem, 201, NA, Hortolandia"
"28","Hortolandia","08","euzebio antonio rodrigues professor","avenida brasil","sn",NA,"jardim amanda ii","019","38971243",NA,"e924131a@educacao.sp.gov.br"," 441","228","0","Professor Euzebio Antonio Rodrigues","Hortolandia - Professor Euzebio Antonio Rodrigues","13188-252","avenida brasil, sn, NA, Hortolandia"
"29","Paulinia","08","parque dos servidores","rua me maria villac","141",NA,"bela vista","019","38443838","38443358","e462822a@educacao.sp.gov.br"," 652","  0","0","Parque Dos Servidores","Paulinia - Parque Dos Servidores","13145-008","rua me maria villac, 141, NA, Paulinia"
"30","Sumare","08","euclides miranda vereador","rua ernesto peggion","27",NA,"vila yolanda costa silva","019","38732464","38736544","e035981a@educacao.sp.gov.br"," 392","230","0","Vereador Euclides Miranda","Sumare - Vereador Euclides Miranda","13172-190","rua ernesto peggion, 27, NA, Sumare"
"31","Sumare","08","alice antenor de souza professora","rua das criancas","95",NA,"jardim picerno ii","019","38731883","38736309","e049414a@educacao.sp.gov.br"," 344","  0","0","Professora Alice Antenor De Souza","Sumare - Professora Alice Antenor De Souza","13173-322","rua das criancas, 95, NA, Sumare"
"32","Sumare","08","wadih jorge maluf","rua santa clara","238",NA,"jardim  santa clara","019","38641137","38543881","e017310a@educacao.sp.gov.br"," 675","  0","0","Wadih Jorge Maluf","Sumare - Wadih Jorge Maluf","13179-215","rua santa clara, 238, NA, Sumare"
"33","Sumare","08","marinalva gimenes colossal da cunha","rua antonio menuzzo","sn",NA,"parque jatoba","019","38734494","38734110","e924672a@educacao.sp.gov.br"," 236","  0","0","Marinalva Gimenes Colossal Da Cunha","Sumare - Marinalva Gimenes Colossal Da Cunha","13175-642","rua antonio menuzzo, sn, NA, Sumare"
"34","Campinas","08","cecilia pereira professora","r serra do umbuzeiro","649",NA,"jardim paranapanema","019","32527868","32535508","e018119a@educacao.sp.gov.br"," 150","  0","0","Professora Cecilia Pereira","Campinas - Professora Cecilia Pereira","13100-239","r serra do umbuzeiro, 649, NA, Campinas"
"35","Campinas","08","ana rita godinho pousa professora","rua benedita franco gomes","165",NA,"vila esmeralda","019","32546500","32517857","e018200a@educacao.sp.gov.br"," 218","  0","0","Professora Ana Rita Godinho Pousa","Campinas - Professora Ana Rita Godinho Pousa","13090-390","rua benedita franco gomes, 165, NA, Campinas"
"36","Hortolandia","08","liomar freitas camara professora","rua edina aparecida bampa fonseca","29",NA,"vila real continuacao","019","38651284",NA,"e039858a@educacao.sp.gov.br"," 656","  0","0","Professora Liomar Freitas Camara","Hortolandia - Professora Liomar Freitas Camara","13183-150","rua edina aparecida bampa fonseca, 29, NA, Hortolandia"
"37","Hortolandia","08","raquel saes melhado da silva professora","rua waldomiro carlos da silva","228",NA,"jardim  nova hortolandia","019","38652571",NA,"e047806a@educacao.sp.gov.br"," 314","  0","0","Professora Raquel Saes Melhado Da Silva","Hortolandia - Professora Raquel Saes Melhado Da Silva","13183-590","rua waldomiro carlos da silva, 228, NA, Hortolandia"
"38","Hortolandia","08","eliseo marson professor","rua oswald de andrade","255",NA,"jardim amanda","019","39099070","39099000","e909610a@educacao.sp.gov.br"," 561","  0","0","Professor Eliseo Marson","Hortolandia - Professor Eliseo Marson","13188-022","rua oswald de andrade, 255, NA, Hortolandia"
"39","Hortolandia","08","hedy madalena bocchi professora","rua pico do itatiaia","333",NA,"jardim everest","019","38874788","38871159","e917552a@educacao.sp.gov.br"," 544","112","0","Professora Hedy Madalena Bocchi","Hortolandia - Professora Hedy Madalena Bocchi","13186-051","rua pico do itatiaia, 333, NA, Hortolandia"
"40","Paulinia","08","jose narciso vieira ehrenberg padre","rua campos sales","350",NA,"joao aranha","019","38742973","38749993","e039913a@educacao.sp.gov.br"," 878","  0","0","Padre Jose Narciso Vieira Ehrenberg","Paulinia - Padre Jose Narciso Vieira Ehrenberg","13145-684","rua campos sales, 350, NA, Paulinia"
"41","Sumare","08","leonilda rossi barriquelo professora","rua manoel bento marques gomes","222",NA,"jardim mineapolis","019","38643191","38832046","e909609a@educacao.sp.gov.br"," 167","  0","0","Professora Leonilda Rossi Barriquelo","Sumare - Professora Leonilda Rossi Barriquelo","13178-490","rua manoel bento marques gomes, 222, NA, Sumare"
"42","Campinas","08","joao nery dom","r erasmo braga","555",NA,"jardim chapadao","019","32416891","32424579","e018296a@educacao.sp.gov.br"," 428","  0","0","Dom Joao Nery","Campinas - Dom Joao Nery","13070-147","r erasmo braga, 555, NA, Campinas"
"43","Campinas","08","benedito sampaio professor","rua delfino cintra","789",NA,"botafogo","019","32314320",NA,"e018429a@educacao.sp.gov.br","  56","  0","0","Professor Benedito Sampaio","Campinas - Professor Benedito Sampaio","13020-100","rua delfino cintra, 789, NA, Campinas"
"44","Campinas","08","coriolano monteiro professor","rua luiz chiodetto","470",NA,"jardim carlos lourenco","019","32534222","32530365","e047120a@educacao.sp.gov.br"," 419"," 84","0","Professor Coriolano Monteiro","Campinas - Professor Coriolano Monteiro","13096-730","rua luiz chiodetto, 470, NA, Campinas"
"45","Jaguariuna","08","anna calvo de godoy professora","rua goias","70",NA,"jardim maua i","019","38673061","38675090","e913996a@educacao.sp.gov.br"," 768","  0","0","Professora Anna Calvo De Godoy","Jaguariuna - Professora Anna Calvo De Godoy","13820-000","rua goias, 70, NA, Jaguariuna"
"46","Campinas","08","thomas alves doutor","rua conselheiro antonio prado","160","centro","souzas","019","32583354","32582103","e018272a@educacao.sp.gov.br"," 283"," 32","0","Doutor Thomas Alves","Campinas - Doutor Thomas Alves","13073-068","rua conselheiro antonio prado, 160, centro, Campinas"
"47","Monte Mor","08","joana de aguirre marins peixoto professora","rua vinte e um","sn",NA,"parque bela vista","019","38795623",NA,"e914009a@educacao.sp.gov.br"," 411","  0","0","Professora Joana De Aguirre Marins Peixoto","Monte Mor - Professora Joana De Aguirre Marins Peixoto","13190-000","rua vinte e um, sn, NA, Monte Mor"
"48","Monte Mor","08","antonio sproesser professor","rua pedro eduardo moller","209",NA,"jardim vista alegre","019","38792586","38791193","e917783a@educacao.sp.gov.br"," 409","  0","0","Professor Antonio Sproesser","Monte Mor - Professor Antonio Sproesser","13190-000","rua pedro eduardo moller, 209, NA, Monte Mor"
"49","Nova Odessa","08","dorti zambello calil profa","avenida dr ernesto sprogis","1261",NA,"jardim bela vista","019","34662981","34662324","e039810a@educacao.sp.gov.br"," 315","  0","0","Profa Dorti Zambello Calil","Nova Odessa - Profa Dorti Zambello Calil","13460-000","avenida dr ernesto sprogis, 1261, NA, Nova Odessa"
"50","Nova Odessa","08","geraldo de oliveira","rua oscar araium","330",NA,"jardim monte das oliveiras","019","34765711","34766057","e497733a@educacao.sp.gov.br"," 106","  0","0","Geraldo De Oliveira","Nova Odessa - Geraldo De Oliveira","13460-000","rua oscar araium, 330, NA, Nova Odessa"
"51","Nova Odessa","08","alexandre bassora","rua juscelino kubitschek oliveira","377",NA,"jardim planalto","019","34662984","34663428","e903784a@educacao.sp.gov.br"," 191"," 66","0","Alexandre Bassora","Nova Odessa - Alexandre Bassora","13460-000","rua juscelino kubitschek oliveira, 377, NA, Nova Odessa"
"52","Campinas","08","milton de tolosa professor","rua maestro salvador bueno de oliveira","84",NA,"jardim leonor","019","32315799","32379484","e018478e@educacao.sp.gov.br"," 244"," 15","0","Professor Milton De Tolosa","Campinas - Professor Milton De Tolosa","13041-160","rua maestro salvador bueno de oliveira, 84, NA, Campinas"
"53","Campinas","08","luiz gonzaga da costa professor","avenida das  amoreiras","sn",NA,"bairro sao joao","019","32273085","32271033","e018508a@educacao.sp.gov.br"," 234","  0","0","Professor Luiz Gonzaga Da Costa","Campinas - Professor Luiz Gonzaga Da Costa","13050-575","avenida das  amoreiras, sn, NA, Campinas"
"54","Campinas","08","jose dos santos padre","r piracicaba","sn",NA,"jardim novo campos eliseos i","019","32272463","32670139","e018697a@educacao.sp.gov.br"," 235"," 96","0","Padre Jose Dos Santos","Campinas - Padre Jose Dos Santos","13050-700","r piracicaba, sn, NA, Campinas"
"55","Campinas","08","benedicta de salles pimentel wutke professora","rua galdencio viana dos passos","149",NA,"jardim nova america","019","32258946","32255988","e039895a@educacao.sp.gov.br"," 259"," 51","0","Professora Benedicta De Salles Pimentel Wutke","Campinas - Professora Benedicta De Salles Pimentel Wutke","13053-026","rua galdencio viana dos passos, 149, NA, Campinas"
"56","Campinas","08","elcio antonio selmi professor","r helenira r. de souza nazareth","175",NA,"residencial cosmos","019","32674661","32672311","e127784a@educacao.sp.gov.br"," 211","  0","0","Professor Elcio Antonio Selmi","Campinas - Professor Elcio Antonio Selmi","13059-113","r helenira r. de souza nazareth, 175, NA, Campinas"
"57","Campinas","08","jardim san diego","r antonio carlos folegatti","sn",NA,"jardim nova mercedes","019","32655598",NA,"e436012a@educacao.sp.gov.br"," 448","  0","0","Jardim San Diego","Campinas - Jardim San Diego","13052-506","r antonio carlos folegatti, sn, NA, Campinas"
"58","Campinas","08","maria julieta de godoi cartezani professora","rua campo grande","34",NA,"vila maria eugenia","019","32273508","32670462","e901097a@educacao.sp.gov.br"," 598","  0","0","Professora Maria Julieta De Godoi Cartezani","Campinas - Professora Maria Julieta De Godoi Cartezani","13050-150","rua campo grande, 34, NA, Campinas"
"59","Campinas","08","ruy rodriguez","r paulo gliwkoff","104",NA,"conjunto habitacional parque itajai","019","32611256","32614933","e905471a@educacao.sp.gov.br"," 795","  0","0","Ruy Rodriguez","Campinas - Ruy Rodriguez","13058-023","r paulo gliwkoff, 104, NA, Campinas"
"60","Campinas","08","antonio mobili padre","rua geraldo jose de almeida","230",NA,"jardim campina grande","019","32611288",NA,"e913984a@educacao.sp.gov.br"," 207","  0","0","Padre Antonio Mobili","Campinas - Padre Antonio Mobili","13058-620","rua geraldo jose de almeida, 230, NA, Campinas"
"61","Valinhos","08","flavio de carvalho","rua sete","344",NA,"jardim sao marcos","019","38715950",NA,"e920630a@educacao.sp.gov.br"," 300","  0","0","Flavio De Carvalho","Valinhos - Flavio De Carvalho","13272-821","rua sete, 344, NA, Valinhos"
"62","Vinhedo","08","israel schoba professor","rua guido cinci","310",NA,"jardim sao mateus","019","38761384",NA,"e045640a@educacao.sp.gov.br"," 482","  0","0","Professor Israel Schoba","Vinhedo - Professor Israel Schoba","13280-000","rua guido cinci, 310, NA, Vinhedo"
"63","Campinas","08","messias goncalves teixeira professor","r adao goncalves","sn",NA,"jardim aparecida","019","32811855","32816881","e907352a@educacao.sp.gov.br"," 470","  0","0","Professor Messias Goncalves Teixeira","Campinas - Professor Messias Goncalves Teixeira","13068-028","r adao goncalves, sn, NA, Campinas"
"64","Hortolandia","08","jardim santa clara do lago","rua luiz da costa camargo","55",NA,"jardim santa clara lago","019","38871167","38875136","e048240a@educacao.sp.gov.br"," 461","  0","0","Jardim Santa Clara Do Lago","Hortolandia - Jardim Santa Clara Do Lago","13186-400","rua luiz da costa camargo, 55, NA, Hortolandia"
"65","Hortolandia","08","paulina rosa professora","rua rene descartes","75",NA,"jardim santa rita de cassia","019","38872099","38872228","e900527a@educacao.sp.gov.br"," 183","  0","0","Professora Paulina Rosa","Hortolandia - Professora Paulina Rosa","13186-290","rua rene descartes, 75, NA, Hortolandia"
"66","Hortolandia","08","conceicao aparecida terza gomes cardinales professora","rua visconde do rio branco","100",NA,"jardim amanda ii","019","38652592","39096868","e917540a@educacao.sp.gov.br"," 576","  0","0","Professora Conceicao Aparecida Terza Gomes Cardinales","Hortolandia - Professora Conceicao Aparecida Terza Gomes Cardinales","13188-242","rua visconde do rio branco, 100, NA, Hortolandia"
"67","Paulinia","08","porphyrio da paz general","rua presidente costa e silva","520",NA,"nova paulinia","019","38743090",NA,"e018892a@educacao.sp.gov.br","1111","  0","0","General Porphyrio Da Paz","Paulinia - General Porphyrio Da Paz","13140-297","rua presidente costa e silva, 520, NA, Paulinia"
"68","Campinas","08","31 de marco","r pedro pinheiro","385",NA,"jardim santa monica","019","32460077","32462933","e018533a@educacao.sp.gov.br"," 311"," 62","0","31 De Marco","Campinas - 31 De Marco","13082-160","r pedro pinheiro, 385, NA, Campinas"
"69","Campinas","08","hercy moraes professora","av paulo provenza sobrinho","1450",NA,"vila perseu leite de barros","019","32688889","32685900","e018788a@educacao.sp.gov.br"," 179","  0","0","Professora Hercy Moraes","Campinas - Professora Hercy Moraes","13060-356","av paulo provenza sobrinho, 1450, NA, Campinas"
"70","Campinas","08","vitor meirelles","rua espirito santo","67",NA,"sao bernardo","019","32720155",NA,"e018879a@educacao.sp.gov.br"," 439","  0","0","Vitor Meirelles","Campinas - Vitor Meirelles","13031-180","rua espirito santo, 67, NA, Campinas"
"71","Campinas","08","guido segalho","av pascoal celestino soares","sn",NA,"jardim bonfim","019","32437324","32422067","e018922a@educacao.sp.gov.br"," 206","  0","0","Guido Segalho","Campinas - Guido Segalho","13032-540","av pascoal celestino soares, sn, NA, Campinas"
"72","Campinas","08","adalberto prado e silva professor","rua dos  arapanes","sn",NA,"vila costa e silva","019","32080455","32083668","e018260a@educacao.sp.gov.br"," 164","  0","0","Professor Adalberto Prado E Silva","Campinas - Professor Adalberto Prado E Silva","13081-050","rua dos  arapanes, sn, NA, Campinas"
"73","Monte Mor","08","elias massud doutor","rua fauze calil","30",NA,"centro","019","38791919","38791188","e018727a@educacao.sp.gov.br"," 184","  0","0","Doutor Elias Massud","Monte Mor - Doutor Elias Massud","13190-000","rua fauze calil, 30, NA, Monte Mor"
"74","Campinas","08","moacyr santos de campos professor","rua comandante ataliba eurides vieira","1030",NA,"jardim nilopolis","019","32566029","32562173","e903875a@educacao.sp.gov.br"," 332","  0","0","Professor Moacyr Santos De Campos","Campinas - Professor Moacyr Santos De Campos","13088-648","rua comandante ataliba eurides vieira, 1030, NA, Campinas"
"75","Campinas","08","eunice virginia ramos navero professora","r alceu amoroso lima","188",NA,"parque imperador","019","32073066","32070088","e912924a@educacao.sp.gov.br","  78","  0","0","Professora Eunice Virginia Ramos Navero","Campinas - Professora Eunice Virginia Ramos Navero","13097-124","r alceu amoroso lima, 188, NA, Campinas"
"76","Campinas","08","uacury ribeiro de assis bastos professor","r maria salome bras","80",NA,"jardim monte belo","019","32571475","32571450","e914873a@educacao.sp.gov.br","  66","  0","0","Professor Uacury Ribeiro De Assis Bastos","Campinas - Professor Uacury Ribeiro De Assis Bastos","13098-879","r maria salome bras, 80, NA, Campinas"
"77","Hortolandia","08","honorino fabbri doutor","rua osorio candido da silva","179",NA,"jardim  sumarezinho","019","38871680","38874992","e036468a@educacao.sp.gov.br"," 421","  0","0","Doutor Honorino Fabbri","Hortolandia - Doutor Honorino Fabbri","13185-012","rua osorio candido da silva, 179, NA, Hortolandia"
"78","Hortolandia","08","maristela carolina mellin","rua valdevino isidoro marciano","174",NA,"jardim minda","019","38652574",NA,"e048276a@educacao.sp.gov.br"," 325","  0","0","Maristela Carolina Mellin","Hortolandia - Maristela Carolina Mellin","13184-680","rua valdevino isidoro marciano, 174, NA, Hortolandia"
"79","Hortolandia","08","jonatas davi visel dos santos","rua tereza luiza goncalves","130",NA,"adventista campineiro","019","39090505","39090616","e070294a@educacao.sp.gov.br"," 278","  0","0","Jonatas Davi Visel Dos Santos","Hortolandia - Jonatas Davi Visel Dos Santos","13187-176","rua tereza luiza goncalves, 130, NA, Hortolandia"
"80","Hortolandia","08","priscila fernandes da rocha","rua dante de oliveira","sn",NA,"jardim amanda","019","38651382","38191227","e462342a@educacao.sp.gov.br"," 419","  0","0","Priscila Fernandes Da Rocha","Hortolandia - Priscila Fernandes Da Rocha","13188-054","rua dante de oliveira, sn, NA, Hortolandia"
"81","Hortolandia","08","paulo camilo de camargo","rua catulo da paixao cearense","110",NA,"jardim sao bento","019","38871770","39091718","e907595a@educacao.sp.gov.br"," 161","  0","0","Paulo Camilo De Camargo","Hortolandia - Paulo Camilo De Camargo","13187-112","rua catulo da paixao cearense, 110, NA, Hortolandia"
"82","Hortolandia","08","cristiane chaves moreira braga professora","r fabiano pinheiro da silva","40",NA,"jardim santana","019","38972655",NA,"e924994a@educacao.sp.gov.br"," 213","  0","0","Professora Cristiane Chaves Moreira Braga","Hortolandia - Professora Cristiane Chaves Moreira Braga","13184-559","r fabiano pinheiro da silva, 40, NA, Hortolandia"
"83","Sumare","08","elysabeth de mello rodrigues professora","rua presidente prudente de moraes","1",NA,"parque  euclides miranda","019","38733382",NA,"e045548a@educacao.sp.gov.br"," 261","  0","0","Professora Elysabeth De Mello Rodrigues","Sumare - Professora Elysabeth De Mello Rodrigues","13174-526","rua presidente prudente de moraes, 1, NA, Sumare"
"84","Sumare","08","luis henrique marchi professor","rua guido segalho","250",NA,"jardim sao judas tadeu","019","38641034","38543666","e042523a@educacao.sp.gov.br"," 160","  0","0","Professor Luis Henrique Marchi","Sumare - Professor Luis Henrique Marchi","13180-510","rua guido segalho, 250, NA, Sumare"
"85","Sumare","08","jeny bonadia rodrigues santarrossa professora","rua maria conceicao da rocha ferraz","409",NA,"jardim  bom retiro","019","38641320","38543877","e045573a@educacao.sp.gov.br"," 675","  0","0","Professora Jeny Bonadia Rodrigues Santarrossa","Sumare - Professora Jeny Bonadia Rodrigues Santarrossa","13181-656","rua maria conceicao da rocha ferraz, 409, NA, Sumare"
"86","Jaguariuna","08","julia calhau rodrigues professora","rua roraima","55",NA,"dom bosco","019","38671401","38675087","e047053a@educacao.sp.gov.br"," 764","100","0","Professora Julia Calhau Rodrigues","Jaguariuna - Professora Julia Calhau Rodrigues","13820-000","rua roraima, 55, NA, Jaguariuna"
"87","Campinas","08","francisco alvares professor","est da rhodia","km15",NA,"vila hollandia","019","32874343","37870314","e018867a@educacao.sp.gov.br"," 159","  0","0","Professor Francisco Alvares","Campinas - Professor Francisco Alvares","13085-000","est da rhodia, km15, NA, Campinas"
"88","Campinas","08","carlos gomes","avenida anchieta","80",NA,"centro","019","32313033","32313153","e018302a@educacao.sp.gov.br"," 884","155","0","Carlos Gomes","Campinas - Carlos Gomes","13015-100","avenida anchieta, 80, NA, Campinas"
"89","Campinas","08","orosimbo maia","avenida andrade neves","214",NA,"centro","019","32318758","32318362","e018351a@educacao.sp.gov.br"," 457","  0","0","Orosimbo Maia","Campinas - Orosimbo Maia","13013-160","avenida andrade neves, 214, NA, Campinas"
"90","Campinas","08","djalma octaviano professor","rua willian booth","sn",NA,"jardim pauliceia","019","32684600","32273505","e018569a@educacao.sp.gov.br"," 150","  0","0","Professor Djalma Octaviano","Campinas - Professor Djalma Octaviano","13060-063","rua willian booth, sn, NA, Campinas"
"91","Campinas","08","carlos francisco de paula professor","rua laranjal paulista","395",NA,"cidade jardim","019","32271806","32286850","e018880a@educacao.sp.gov.br"," 307","  0","0","Professor Carlos Francisco De Paula","Campinas - Professor Carlos Francisco De Paula","13050-440","rua laranjal paulista, 395, NA, Campinas"
"92","Monte Mor","08","mario covas governador","rua misael berganton","03",NA,"parque residencial sao clemente","019","39791394",NA,"e406272a@educacao.sp.gov.br"," 222","  0","0","Governador Mario Covas","Monte Mor - Governador Mario Covas","13190-000","rua misael berganton, 03, NA, Monte Mor"
"93","Campinas","08","aurea anunciacao americo de godoi professora","rua joaquim severino","245",NA,"jardim samambaia","019","32765211","32768595","e018156a@educacao.sp.gov.br"," 128","  0","0","Professora Aurea Anunciacao Americo De Godoi","Campinas - Professora Aurea Anunciacao Americo De Godoi","13046-540","rua joaquim severino, 245, NA, Campinas"
"94","Campinas","08","jose carlos nogueira reverendo professor","rua  dos ipes amarelos","111",NA,"vila boa vista","019","32451266",NA,"e018855a@educacao.sp.gov.br"," 232","  0","0","Reverendo Professor Jose Carlos Nogueira","Campinas - Reverendo Professor Jose Carlos Nogueira","13064-771","rua  dos ipes amarelos, 111, NA, Campinas"
"95","Campinas","08","norberto de souza pinto prof doutor","rua jean paul sartre","585",NA,"jardim novo campos elisios","019","32273082","32685830","e018910a@educacao.sp.gov.br"," 357","  0","0","Prof Doutor Norberto De Souza Pinto","Campinas - Prof Doutor Norberto De Souza Pinto","13060-413","rua jean paul sartre, 585, NA, Campinas"
"96","Campinas","08","elvira de pardo meo muraro","rua vicente de marchi","sn",NA,"jardim florence i","019","32273424","32685866","e047200a@educacao.sp.gov.br"," 748","  0","0","Elvira De Pardo Meo Muraro","Campinas - Elvira De Pardo Meo Muraro","13059-045","rua vicente de marchi, sn, NA, Campinas"
"97","Valinhos","08","antonio alves aranha professor","avenida onze de agosto","1172",NA,"jardim ribeiro","019","38715229",NA,"e018089a@educacao.sp.gov.br"," 739","  0","0","Professor Antonio Alves Aranha","Valinhos - Professor Antonio Alves Aranha","13270-190","avenida onze de agosto, 1172, NA, Valinhos"
"98","Campinas","08","mario natividade doutor","rua conselheiro joao alfredo","400",NA,"vila manoel da nobrega","019","32685833","37290754","e037965a@educacao.sp.gov.br"," 243"," 29","0","Doutor Mario Natividade","Campinas - Doutor Mario Natividade","13061-210","rua conselheiro joao alfredo, 400, NA, Campinas"
"99","Monte Mor","08","laurindo gomes carneiro coronel","rua natal albino leme","200",NA,"jardim san remo","019","38792599","38793077","e903930a@educacao.sp.gov.br"," 227","134","0","Coronel Laurindo Gomes Carneiro","Monte Mor - Coronel Laurindo Gomes Carneiro","13190-000","rua natal albino leme, 200, NA, Monte Mor"
"100","Hortolandia","08","yasuo sasaki","rua turmalina","499",NA,"jardim santa esmeralda","019","38871569",NA,"e039861a@educacao.sp.gov.br"," 122","  0","0","Yasuo Sasaki","Hortolandia - Yasuo Sasaki","13186-534","rua turmalina, 499, NA, Hortolandia"
"101","Hortolandia","08","roberto rodrigues de azevedo pastor","rua tiburtino rodrigues nascimento","sn",NA,"chacaras fazenda  coelho","019","38871818","38871895","e045524a@educacao.sp.gov.br"," 283","  0","0","Pastor Roberto Rodrigues De Azevedo","Hortolandia - Pastor Roberto Rodrigues De Azevedo","13185-498","rua tiburtino rodrigues nascimento, sn, NA, Hortolandia"
"102","Hortolandia","08","recreio alvorada","rua rio mississipi","150",NA,"parque  orestes ongaro","019","39096767",NA,"e919378a@educacao.sp.gov.br"," 154","  0","0","Recreio Alvorada","Hortolandia - Recreio Alvorada","13183-723","rua rio mississipi, 150, NA, Hortolandia"
"103","Sumare","08","belgica alleoni borges professora","rua manoel luciano","34",NA,"jardim primavera","019","38733942",NA,"e910351a@educacao.sp.gov.br","  36","  0","0","Professora Belgica Alleoni Borges","Sumare - Professora Belgica Alleoni Borges","13173-130","rua manoel luciano, 34, NA, Sumare"
"104","Sumare","08","solange maura albino","rua lourdes xavier de oliveira","40",NA,"jardim minesota","019","38543886","38641138","e039834a@educacao.sp.gov.br"," 403","  0","0","Solange Maura Albino","Sumare - Solange Maura Albino","13179-084","rua lourdes xavier de oliveira, 40, NA, Sumare"
"105","Sumare","08","maria de lourdes martins professora","rua osvaldo vacari","777",NA,"jardim  maria  antonia","019","38642081","38543755","e045536a@educacao.sp.gov.br"," 498","  0","0","Professora Maria De Lourdes Martins","Sumare - Professora Maria De Lourdes Martins","13178-374","rua osvaldo vacari, 777, NA, Sumare"
"106","Sumare","08","jose miranda prefeito","rua alair moreira","578",NA,"parque  bandeirantes","019","38323323",NA,"e905641a@educacao.sp.gov.br"," 348","  0","0","Prefeito Jose Miranda","Sumare - Prefeito Jose Miranda","13181-750","rua alair moreira, 578, NA, Sumare"
"107","Sumare","08","sonia maria maschio baptista professora","rua adelia bellonci tomazim","222",NA,"jardim amelia","019","38322212","38322344","e925731a@educacao.sp.gov.br"," 348","  0","0","Professora Sonia Maria Maschio Baptista","Sumare - Professora Sonia Maria Maschio Baptista","13178-626","rua adelia bellonci tomazim, 222, NA, Sumare"
"108","Campinas","08","culto a ciencia","r culto a ciencia","422","casa","botafogo","019","32323511","32375137","e018326a@educacao.sp.gov.br"," 457","  0","0","Culto A Ciencia","Campinas - Culto A Ciencia","13020-060","r culto a ciencia, 422, casa, Campinas"
"109","Campinas","08","geraldo de rezende barao","rua jeronimo pattaro","sn",NA,"barao geraldo","019","32891192","32891220","e018521a@educacao.sp.gov.br"," 308","  0","0","Barao Geraldo De Rezende","Campinas - Barao Geraldo De Rezende","13084-110","rua jeronimo pattaro, sn, NA, Campinas"
"110","Campinas","08","francisco barreto leme","rua antonio nunes felipe","51",NA,"joaquim egidio","019","32986230",NA,"e018107a@educacao.sp.gov.br"," 100","  0","0","Francisco Barreto Leme","Campinas - Francisco Barreto Leme","13108-022","rua antonio nunes felipe, 51, NA, Campinas"
"111","Monte Mor","08","cyriaco scaranello pires conego","rua dez","222",NA,"parque do cafe i","019","38795177",NA,"e920678a@educacao.sp.gov.br"," 551","  0","0","Conego Cyriaco Scaranello Pires","Monte Mor - Conego Cyriaco Scaranello Pires","13190-000","rua dez, 222, NA, Monte Mor"
"112","Campinas","08","orlando signorelli","rua nelson barbosa da silva","sn",NA,"dic vi","019","32668077",NA,"e045676a@educacao.sp.gov.br"," 498","  0","0","Orlando Signorelli","Campinas - Orlando Signorelli","13054-632","rua nelson barbosa da silva, sn, NA, Campinas"
"113","Campinas","08","parque oziel","r fauze selhe","sn","residencial c","jardim monte cristo/parque oziel","019","32696232",NA,"e127012a@educacao.sp.gov.br"," 290","  0","0","Parque Oziel","Campinas - Parque Oziel","13049-066","r fauze selhe, sn, residencial c, Campinas"
"114","Campinas","08","jardim icarai","r amalia forti poli","62",NA,"jardim icarai","019","32274312",NA,"e430705a@educacao.sp.gov.br","  71","  0","0","Jardim Icarai","Campinas - Jardim Icarai","13051-059","r amalia forti poli, 62, NA, Campinas"
"115","Campinas","08","celeste palandi de mello professora","rua doutor ademir cubero ruano","460",NA,"jardim campo belo","019","32255696","32250136","e901124a@educacao.sp.gov.b"," 434"," 51","0","Professora Celeste Palandi De Mello","Campinas - Professora Celeste Palandi De Mello","13053-124","rua doutor ademir cubero ruano, 460, NA, Campinas"
"116","Valinhos","08","jose leme do prado professor","rua sao paulo","435",NA,"vila santana","019","38712397","38711019","e018181a@educacao.sp.gov.br"," 349","  0","0","Professor Jose Leme Do Prado","Valinhos - Professor Jose Leme Do Prado","13274-115","rua sao paulo, 435, NA, Valinhos"
"117","Paulinia","08","nucleo habitacional jose paulino nogueira","avenida dos trabalhadores","400",NA,"jardim monte alegre i","019","38742918",NA,"e035956a@educacao.sp.gov.br"," 339","  0","0","Nucleo Habitacional Jose Paulino Nogueira","Paulinia - Nucleo Habitacional Jose Paulino Nogueira","13142-464","avenida dos trabalhadores, 400, NA, Paulinia"
"118","Sumare","08","vito carmine cerbasi professor","rua waldemar prado","82",NA,"jardim santa madalena","019","38731859","38737774","e042559a@educacao.sp.gov.br"," 256","  0","0","Professor Vito Carmine Cerbasi","Sumare - Professor Vito Carmine Cerbasi","13172-480","rua waldemar prado, 82, NA, Sumare"
"119","Sumare","08","marianina de rosis moraes professora","rua nossa senhora aparecida","279",NA,"parque florely","019","38642005","38543677","e045561a@educacao.sp.gov.br"," 237","  0","0","Professora Marianina De Rosis Moraes","Sumare - Professora Marianina De Rosis Moraes","13178-222","rua nossa senhora aparecida, 279, NA, Sumare"
"120","Sumare","08","manuel albaladejo fernandes","avenida minasa","1320",NA,"vila  san martin","019","38642080","38543880","e045585a@educacao.sp.gov.br"," 648","  0","0","Manuel Albaladejo Fernandes","Sumare - Manuel Albaladejo Fernandes","13180-400","avenida minasa, 1320, NA, Sumare"
"121","Sumare","08","maria ivone martins rosa professora","rua luciano ramos ayala","589",NA,"jardim denadai","019","38543699",NA,"e905636a@educacao.sp.gov.br"," 668","  0","0","Professora Maria Ivone Martins Rosa","Sumare - Professora Maria Ivone Martins Rosa","13181-460","rua luciano ramos ayala, 589, NA, Sumare"
"122","Campinas","08","luis gonzaga de moura monsenhor","r carlos francheu","100",NA,"dae","019","32527799","32529914","e018120a@educacao.sp.gov.br"," 276","  0","0","Monsenhor Luis Gonzaga De Moura","Campinas - Monsenhor Luis Gonzaga De Moura","13023-610","r carlos francheu, 100, NA, Campinas"
"123","Campinas","08","joao lourenco rodrigues professor","rua doutor emilio ribas","710",NA,"cambui","019","37530225",NA,"e018235a@educacao.sp.gov.br"," 308","  0","0","Professor Joao Lourenco Rodrigues","Campinas - Professor Joao Lourenco Rodrigues","13025-141","rua doutor emilio ribas, 710, NA, Campinas"
"124","Campinas","08","francisco glicerio","avenida doutor moraes sales","988",NA,"centro","019","32362128","32371077","e018247a@educacao.sp.gov.br"," 114","  0","0","Francisco Glicerio","Campinas - Francisco Glicerio","13010-001","avenida doutor moraes sales, 988, NA, Campinas"
"125","Campinas","08","anibal de freitas professor","r primeiro de marco","38",NA,"jardim nossa senhora auxiliadora","019","32417783","32120844","e018314a@educacao.sp.gov.br"," 318","  0","0","Professor Anibal De Freitas","Campinas - Professor Anibal De Freitas","13075-250","r primeiro de marco, 38, NA, Campinas"
"126","Campinas","08","joaquim ferreira lima professor","rua joao nogueira ferraz filho","30",NA,"vila trinta e um de marco","019","32070037","32070989","e018399a@educacao.sp.gov.br"," 122","  0","0","Professor Joaquim Ferreira Lima","Campinas - Professor Joaquim Ferreira Lima","13091-558","rua joao nogueira ferraz filho, 30, NA, Campinas"
"127","Campinas","08","jose maria matosinho","pc professor paulo jose otaviano","sn",NA,"sao bernardo","019","32735720","32738482","e018570a@educacao.sp.gov.br"," 605"," 87","0","Jose Maria Matosinho","Campinas - Jose Maria Matosinho","13030-629","pc professor paulo jose otaviano, sn, NA, Campinas"
"128","Campinas","08","antonio vilela junior professor","rua conselheiro gomide","sn",NA,"vila industrial","019","32727574","32738481","e018715a@educacao.sp.gov.br"," 184","  0","0","Professor Antonio Vilela Junior","Campinas - Professor Antonio Vilela Junior","13035-320","rua conselheiro gomide, sn, NA, Campinas"
"129","Campinas","08","alberto medaljon professor","rua conselheiro leoncio de carvalho","sn",NA,"vila brandina","019","32534255","32537994","e901088a@educacao.sp.gov.br","  95","  0","0","Professor Alberto Medaljon","Campinas - Professor Alberto Medaljon","13092-529","rua conselheiro leoncio de carvalho, sn, NA, Campinas"
"130","Campinas","34","centro at socio-ed adolesc - maestro carlos gomes un i ui","av comendador aladino selmi","sn",NA,"vila san martin","019","32826837",NA,"pedagcasamcgomes@fundacaocasa.sp.gov.br","  18","  0","0","Centro Atend Socio-educ Adolescente - Maestro Carlos Gomes Un I Ui","Campinas - Centro Atend Socio-educ Adolescente - Maestro Carlos Gomes Un I Ui","13069-096","av comendador aladino selmi, sn, NA, Campinas"
"131","Jaguariuna","08","celso henrique tozzi professor","rua marechal floriano peixoto","261",NA,"berlim","019","38671570","38675091","e017700a@educacao.sp.gov.br"," 393","  0","0","Professor Celso Henrique Tozzi","Jaguariuna - Professor Celso Henrique Tozzi","13820-000","rua marechal floriano peixoto, 261, NA, Jaguariuna"
"132","Nova Odessa","08","silvania aparecida santos profa","rua irineu jose bordon","sn",NA,"santa luiza ii","019","34662982","34662145","e049906a@educacao.sp.gov.br"," 354","  0","0","Profa Silvania Aparecida Santos","Nova Odessa - Profa Silvania Aparecida Santos","13460-000","rua irineu jose bordon, sn, NA, Nova Odessa"
"133","Nova Odessa","08","joao thienne dr","rua independencia","500",NA,"centro","019","34661245","34662983","e017309a@educacao.sp.gov.br"," 414","  0","0","Dr Joao Thienne","Nova Odessa - Dr Joao Thienne","13460-000","rua independencia, 500, NA, Nova Odessa"
"134","Campinas","08","dom barreto","avenida general carneiro","120",NA,"ponte preta","019","32368472","32366120","e018797a@educacao.sp.gov.br"," 953","  0","0","Dom Barreto","Campinas - Dom Barreto","13041-306","avenida general carneiro, 120, NA, Campinas"
"135","Campinas","08","carlos alberto galhiego professor","av john boyd dunlop","sn",NA,"jardim santa clara","019","32614911",NA,"e039901a@educacao.sp.gov.br"," 720","  0","0","Professor Carlos Alberto Galhiego","Campinas - Professor Carlos Alberto Galhiego","13058-326","av john boyd dunlop, sn, NA, Campinas"
"136","Campinas","08","jamil gadia deputado","rua santa cruz das palmeiras","sn",NA,"jardim nova europa","019","32386499",NA,"e040873a@educacao.sp.gov.br"," 147"," 31","0","Deputado Jamil Gadia","Campinas - Deputado Jamil Gadia","13040-084","rua santa cruz das palmeiras, sn, NA, Campinas"
"137","Campinas","08","paulo mangabeira albernaz prof doutor","r jair jorge bosco","15",NA,"jardim aparecida","019","32811979",NA,"e045697a@educacao.sp.gov.br"," 210","  0","0","Prof Doutor Paulo Mangabeira Albernaz","Campinas - Prof Doutor Paulo Mangabeira Albernaz","13068-605","r jair jorge bosco, 15, NA, Campinas"
"138","Campinas","08","cecilia de godoy camargo jornalista","rua silvana teixeira reis","sn",NA,"jardim rosalina","019","32246334","32246286","e127796a@educacao.sp.gov.br"," 292","119","0","Jornalista Cecilia De Godoy Camargo","Campinas - Jornalista Cecilia De Godoy Camargo","13054-646","rua silvana teixeira reis, sn, NA, Campinas"
"139","Campinas","08","jardim rossin","r benedita iny de avila","918",NA,"cidade satelite iris","019","32216122",NA,"e445897a@educacao.sp.gov.br"," 346"," 89","0","Jardim Rossin","Campinas - Jardim Rossin","13059-620","r benedita iny de avila, 918, NA, Campinas"
"140","Campinas","08","jardim santa clara","r benedicto antonio filho","200",NA,"conjunto habitacional campinas h","019","32217321",NA,"e461635a@educacao.sp.gov.br","  55","  0","0","Jardim Santa Clara","Campinas - Jardim Santa Clara","13058-820","r benedicto antonio filho, 200, NA, Campinas"
"141","Campinas","08","eliseu narciso reverendo","rua sebastiao de campos","16",NA,"dic iii (conjunto habitacional ruy novaes)","019","32667866","32669600","e901118a@educacao.sp.gov.br"," 745","  0","0","Reverendo Eliseu Narciso","Campinas - Reverendo Eliseu Narciso","13054-233","rua sebastiao de campos, 16, NA, Campinas"
"142","Campinas","08","paul eugene charbonneau prof doutor","rua jose romualdo de oliveira","111",NA,"jardim fernanda","019","32255391","32255622","e907397a@educacao.sp.gov.br"," 597","  0","0","Prof Doutor Paul Eugene Charbonneau","Campinas - Prof Doutor Paul Eugene Charbonneau","13053-613","rua jose romualdo de oliveira, 111, NA, Campinas"
"143","Campinas","08","francisco de assis","rua herminia gregorio pereira lopes","275",NA,"vila palmeiras ii","019","32255851","32650600","e914897a@educacao.sp.gov.br"," 371","  0","0","Francisco De Assis","Campinas - Francisco De Assis","13053-221","rua herminia gregorio pereira lopes, 275, NA, Campinas"
"144","Campinas","08","rachel de queiroz escritora","rua doutora joana zanaga aboim gomes","sn",NA,"jardim yeda","019","32234577",NA,"e924573a@educacao.sp.gov.br"," 624","  0","0","Escritora Rachel De Queiroz","Campinas - Escritora Rachel De Queiroz","13060-628","rua doutora joana zanaga aboim gomes, sn, NA, Campinas"
"145","Hortolandia","08","maria antonietta garnero la fortezza professora","rua oswaldo souza","355",NA,"jardim novo angulo","019","38872955",NA,"e048264a@educacao.sp.gov.br"," 525","  0","0","Professora Maria Antonietta Garnero La Fortezza","Hortolandia - Professora Maria Antonietta Garnero La Fortezza","13185-153","rua oswaldo souza, 355, NA, Hortolandia"
"146","Sumare","08","jayme de barros camara dom","avenida jose mancini","501",NA,"jardim carlos basso","019","38731472","38284607","e017036a@educacao.sp.gov.br"," 326","  0","0","Dom Jayme De Barros Camara","Sumare - Dom Jayme De Barros Camara","13170-040","avenida jose mancini, 501, NA, Sumare"
"147","Sumare","08","antonio do valle sobrinho","rua virginio basso","614",NA,"jardim campo  belo","019","38731464","38737577","e042572a@educacao.sp.gov.br"," 402","  0","0","Antonio Do Valle Sobrinho","Sumare - Antonio Do Valle Sobrinho","13174-190","rua virginio basso, 614, NA, Sumare"
"148","Sumare","08","angelo campo dall orto","avenida sao paulo","466",NA,"jardim  nova veneza","019","38641023","38543871","e017243p@educacao.sp.gov.br"," 637","  0","0","Angelo Campo Dall Orto","Sumare - Angelo Campo Dall Orto","13177-000","avenida sao paulo, 466, NA, Sumare"
"149","Sumare","08","luiz campo dall orto sobrinho","r goianesia","299",NA,"jardim dall'orto","019","38641020","38549255","e042500a@educacao.sp.gov.br"," 385","105","0","Luiz Campo Dall Orto Sobrinho","Sumare - Luiz Campo Dall Orto Sobrinho","13178-030","r goianesia, 299, NA, Sumare"
"150","Sumare","08","maria cheila alves professora","rua aldo de oliveira muller","393",NA,"parque das nacoes","019","38641028","38543887","e042560a@educacao.sp.gov.br","   0","172","0","Professora Maria Cheila Alves","Sumare - Professora Maria Cheila Alves","13181-210","rua aldo de oliveira muller, 393, NA, Sumare"
"151","Campinas","08","castinauta de barros mello e albuquerque professora","rua orlando de oliveira","sn",NA,"jardim sao marcos","019","32462977","32463229","e018818a@educacao.sp.gov.br"," 342","  0","0","Professora Castinauta De Barros Mello E Albuquerque","Campinas - Professora Castinauta De Barros Mello E Albuquerque","13082-330","rua orlando de oliveira, sn, NA, Campinas"
"152","Campinas","08","telemaco paioli melges doutor","rua antonio fagotto","sn",NA,"san martin","019","32825529",NA,"e065626a@educacao.sp.gov.br"," 245","  0","0","Doutor Telemaco Paioli Melges","Campinas - Doutor Telemaco Paioli Melges","13069-081","rua antonio fagotto, sn, NA, Campinas"
"153","Campinas","08","vila olimpia","r do hipismo","100",NA,"conjunto habitacional residencial olimpia","019","37750193","37750195","e564990a@educacao.sp.gov.br"," 191"," 72","0","Vila Olimpia","Campinas - Vila Olimpia","13069-400","r do hipismo, 100, NA, Campinas"
"154","Campinas","34","centro atend socioed ao adolesc campinas un ii ui","av comendador aladino selmi","sn",NA,"vila san martin","019","32826837",NA,"pedagcasacampinas@fundacaocasa.sp.gov.br","  20","  0","0","Centro Atend Socio-educ Adolescente Campinas Un Ii Ui","Campinas - Centro Atend Socio-educ Adolescente Campinas Un Ii Ui","13069-096","av comendador aladino selmi, sn, NA, Campinas"
"155","Campinas","34","centro de atend socioeduc ao adolescente andorinhas ui","av comendador aladino selmi","1",NA,"vila san martin","019","33031889",NA,"pedagcasaandorinhas@fundacaocasa.sp.gov.br","  20","  0","0","Centro Atend Socio-educ Adolescente Andorinhas Ui","Campinas - Centro Atend Socio-educ Adolescente Andorinhas Ui","13069-096","av comendador aladino selmi, 1, NA, Campinas"
"156","Campinas","08","hilton federici professor","rua eduardo modesto","91",NA,"vila sao isabel","019","32891259","32894543","e042651a@educacao.sp.gov.br"," 213"," 54","0","Professor Hilton Federici","Campinas - Professor Hilton Federici","13084-360","rua eduardo modesto, 91, NA, Campinas"
"157","Monte Mor","08","carmela chiara ginefra professora","rua armando sales de oliveira","75",NA,"centro","019","38891856","38790258","e913017a@educacao.sp.gov.br"," 363","  0","0","Professora Carmela Chiara Ginefra","Monte Mor - Professora Carmela Chiara Ginefra","13190-000","rua armando sales de oliveira, 75, NA, Monte Mor"
"158","Campinas","08","benevenuto torres professor","rua aba","sn",NA,"parque universitario de viracopos","019","32668022","32669611","e903899a@educacao.sp.gov.br"," 379","  0","0","Professor Benevenuto Torres","Campinas - Professor Benevenuto Torres","13056-502","rua aba, sn, NA, Campinas"
"159","Campinas","08","alvaro cotomacci professor","rua tenente moacyr brilhante","sn",NA,"jardim novo maracana","019","32611423",NA,"e907376a@educacao.sp.gov.br"," 372","  0","0","Professor Alvaro Cotomacci","Campinas - Professor Alvaro Cotomacci","13058-432","rua tenente moacyr brilhante, sn, NA, Campinas"
"160","Campinas","08","disnei francisco scornaienchi doutor","rua edmundo vosgrau","515",NA,"parque jambeiro","019","32763555",NA,"e917758a@educacao.sp.gov.br"," 185","  0","0","Doutor Disnei Francisco Scornaienchi","Campinas - Doutor Disnei Francisco Scornaienchi","13042-330","rua edmundo vosgrau, 515, NA, Campinas"
"161","Campinas","08","nucleo habitacional vida nova bairro mauro marcondes","rua estevao segallio","140",NA,"conjunto habitacional vida nova","019","32669764","32669577","e923394a@educacao.sp.gov.br"," 463"," 83","0","Nucleo Habitacional Vida Nova Bairro Mauro Marcondes","Campinas - Nucleo Habitacional Vida Nova Bairro Mauro Marcondes","13057-523","rua estevao segallio, 140, NA, Campinas"
"162","Campinas","08","sao judas tadeu","rua doutor nivaldo alves bonilha","sn",NA,"cidade satelite iris","019","32685844","32685845","e923655a@educacao.sp.gov.br"," 278","  0","0","Sao Judas Tadeu","Campinas - Sao Judas Tadeu","13059-648","rua doutor nivaldo alves bonilha, sn, NA, Campinas"
"163","Campinas","08","rita de cassia da silva professora","r placida pretini","101",NA,"parque sao jorge","019","32824444",NA,"e924544a@educacao.sp.gov.br"," 442"," 14","0","Professora Rita De Cassia Da Silva","Campinas - Professora Rita De Cassia Da Silva","13064-812","r placida pretini, 101, NA, Campinas"
"164","Valinhos","08","adoniran barbosa","r das azaleas","3403",NA,"fonte nova","019","38715236",NA,"e049451a@educacao.sp.gov.br"," 555","  0","0","Adoniran Barbosa","Valinhos - Adoniran Barbosa","13273-450","r das azaleas, 3403, NA, Valinhos"
"165","Vinhedo","08","maria do carmo ricci von zuben professora","avenida nossa senhora de lourdes","110",NA,"capela","019","38866815",NA,"e920642a@educacao.sp.gov.br"," 810","  0","0","Professora Maria Do Carmo Ricci Von Zuben","Vinhedo - Professora Maria Do Carmo Ricci Von Zuben","13280-000","avenida nossa senhora de lourdes, 110, NA, Vinhedo"
"166","Campinas","08","roberto marinho jornalista","r sudoeste","sn",NA,"vila renascenca","019","32817700","32817675","e065535a@educacao.sp.gov.br"," 245","  0","0","Jornalista Roberto Marinho","Campinas - Jornalista Roberto Marinho","13067-360","r sudoeste, sn, NA, Campinas"
"167","Hortolandia","08","manoel ignacio da silva","rua luiz camilo de camargo","355",NA,"vila sao francisco","019","38973988","38975627","e017279a@educacao.sp.gov.br"," 307","  0","0","Manoel Ignacio Da Silva","Hortolandia - Manoel Ignacio Da Silva","13184-420","rua luiz camilo de camargo, 355, NA, Hortolandia"
"168","Hortolandia","08","maria cristina de souza lobo professora","r angra dos reis","130",NA,"jardim nova europa","019","38191569","38191645","e462019a@educacao.sp.gov.br"," 219","  0","0","Professora Maria Cristina De Souza Lobo","Hortolandia - Professora Maria Cristina De Souza Lobo","13184-862","r angra dos reis, 130, NA, Hortolandia"
"169","Hortolandia","08","antonio zanluchi professor","rua primavera","450",NA,"parque do horto","019","38971446","38191455","e917965a@educacao.sp.gov.br"," 507","147","0","Professor Antonio Zanluchi","Hortolandia - Professor Antonio Zanluchi","13183-693","rua primavera, 450, NA, Hortolandia"
"170","Sumare","08","joao franceschini","rua cabo hoffmann","161",NA,"jardim sao paulo","019","38732529","38732786","e017267a@educacao.sp.gov.br"," 710","  0","0","Joao Franceschini","Sumare - Joao Franceschini","13170-470","rua cabo hoffmann, 161, NA, Sumare"
"171","Sumare","08","savino campigli","rua sebastiao jose teixeira","6",NA,"jardim  dall'orto","019","38543888",NA,"e914940a@educacao.sp.gov.br"," 157","  0","0","Savino Campigli","Sumare - Savino Campigli","13178-101","rua sebastiao jose teixeira, 6, NA, Sumare"
"172","Campinas","08","jose vilagelin neto professor","rua dom luiz antonio de souza","89",NA,"jardim proenca","019","32536887",NA,"e018211a@educacao.sp.gov.br"," 282","  0","0","Professor Jose Vilagelin Neto","Campinas - Professor Jose Vilagelin Neto","13026-285","rua dom luiz antonio de souza, 89, NA, Campinas"
"173","Campinas","08","adalberto nascimento","rua adalberto maia","235",NA,"taquaral","019","32512824","32546945","e018284a@educacao.sp.gov.br"," 559","  0","0","Adalberto Nascimento","Campinas - Adalberto Nascimento","13076-971","rua adalberto maia, 235, NA, Campinas"
"174","Campinas","08","ataliba nogueira barao","rua cassio ciampolini","76",NA,"jardim magnolia","019","32414123","32132400","e018764a@educacao.sp.gov.br"," 229","  0","0","Barao Ataliba Nogueira","Campinas - Barao Ataliba Nogueira","13033-240","rua cassio ciampolini, 76, NA, Campinas"
"175","Campinas","08","felipe cantusio","rua custodio jose inacio rodrigues","269",NA,"parque industrial","019","32732875","32730000","e018806a@educacao.sp.gov.br"," 203","  0","0","Felipe Cantusio","Campinas - Felipe Cantusio","13031-600","rua custodio jose inacio rodrigues, 269, NA, Campinas"
"176","Campinas","08","hildebrando siqueira professor","rua silvio di marzio","sn",NA,"jardim eulina","019","32426299","32424850","e035932a@educacao.sp.gov.br"," 182","  0","0","Professor Hildebrando Siqueira","Campinas - Professor Hildebrando Siqueira","13063-370","rua silvio di marzio, sn, NA, Campinas"
"177","Campinas","08","sebastiao ramos nogueira professor","rua candido mota","80",NA,"sao bernardo","019","32729255",NA,"e042686a@educacao.sp.gov.br"," 215","  0","0","Professor Sebastiao Ramos Nogueira","Campinas - Professor Sebastiao Ramos Nogueira","13031-385","rua candido mota, 80, NA, Campinas"
"179","Vinhedo","00","vinhedo centro municipal de ensino supletivo fund e medio","rua monteiro de barros","351",NA,"centro","019","38766625",NA,"gloria.educacao@vinhedo.sp.gov.br","   0","129","0","Centro Mun De Ens Supletivo Fund E Med Vinhedo","Vinhedo - Centro Mun De Ens Supletivo Fund E Med Vinhedo","13280-000","rua monteiro de barros, 351, NA, Vinhedo"
"180","Vinhedo","00","andre franco montoro professor em","rua juliana zuben degelo","sn",NA,"jardim bela vista","019","38868492",NA,"gloria.educacao@vinhedo.sp.gov.br","   0","115","0","Professor Andre Franco Montoro (EM)","Vinhedo - Professor Andre Franco Montoro (EM)","13280-000","rua juliana zuben degelo, sn, NA, Vinhedo"
"181","Paulinia","00","angelo corassa filho vereador emefm","av luiz greco","181",NA,"vila monte alegre","019","38841314",NA,"emefmdepaulinia@ig.com.br","   0","159","0","Vereador Angelo Corassa Filho (EMEFM)","Paulinia - Vereador Angelo Corassa Filho (EMEFM)","13142-490","av luiz greco, 181, NA, Paulinia"
"183","Sumare","00","leandro franceschini doutor escola municipal","rua geraldo de souza","157",NA,"jardim  carlos basso","019","38732605","38731574","emleandro@uol.com.br"," 926","  0","0","Doutor Leandro Franceschini (EM)","Sumare - Doutor Leandro Franceschini (EM)","13170-232","rua geraldo de souza, 157, NA, Sumare"
"184","Paulinia","00","marcelino pietrobom maestro emefm","r aldo moretti","181",NA,"jardim planalto","019","38749634",NA,"emef-maestro@paulinia.sp.gov.br","   0","152","0","Maestro Marcelino Pietrobom (EMEFM)","Paulinia - Maestro Marcelino Pietrobom (EMEFM)","13145-153","r aldo moretti, 181, NA, Paulinia"
"185","Sumare","00","jose de anchieta escola municipal","rua geraldo de souza","157",NA,"jardim carlos basso","019","38732605","38731574","joanchieta@gmail.com","  28","  0","0","Jose De Anchieta (EM)","Sumare - Jose De Anchieta (EM)","13170-232","rua geraldo de souza, 157, NA, Sumare"
